{
  "$schema": "https://raw.githubusercontent.com/grafana/grafana/master/docs/sources/developers/plugins/plugin.schema.json",
  "type": "datasource",
  "name": "scylla-datasource",
  "id": "scylladb-scylla-datasource",
  "metrics": true,
  "backend": true,
  "alerting": true,
  "executable": "gpx_scylladb",
  "info": {
    "description": "A backend datasource for ScyllaDB and Apache Cassandra",
    "author": {
      "name": "Scylladb"
    },
    "keywords": [
      "Scylla",
      "ScyllaDB",
      "Cassandra",
      "NoSQL",
      "CQL"
    ],
    "logos": {
      "small": "img/logo.svg",
      "large": "img/logo.svg"
    },
    "links": [
      {
        "name": "Website",
        "url": "https://github.com/grafana/simple-datasource-backend"
      },
      {
        "name": "License",
        "url": "https://github.com/grafana/simple-datasource-backend/blob/master/LICENSE"
      }
    ],
    "screenshots": [],
    "version": "0.3.0",
    "updated": "2024-01-08"
  },
  "dependencies": {
    "grafanaDependency": ">=10.0.3",
    "plugins": []
  }
}
